0;8;39
0;23;61
0;1;88
0;45;132
0;15;156
0;14;182
0;29;221
0;46;230
0;35;254
0;43;273
0;37;290
0;27;348
0;10;361
0;42;377
0;24;395
0;38;411
0;39;430
0;13;438
0;33;454
0;50;460
0;3;481
0;47;484
0;40;500
0;19;510
0;21;524
0;44;535
0;34;549
0;48;554
0;9;565
0;20;574
0;36;576
0;16;597
0;25;603
0;22;618
0;11;623
0;7;633
0;51;644
0;17;658
0;31;669
0;6;681
0;4;712
0;32;726
0;5;726
0;49;732
0;41;749
0;12;756
0;18;759
0;30;783
0;26;792
0;28;810
1;23;45
1;1;71
1;48;102
1;8;118
1;22;132
1;51;158
1;14;167
1;6;199
1;13;203
1;47;220
1;5;243
1;46;247
1;34;250
1;19;274
1;20;278
1;3;280
1;16;301
1;45;304
1;18;308
1;21;322
1;37;339
1;31;342
1;27;364
1;7;369
1;15;389
1;24;408
1;42;422
1;38;428
1;49;433
1;50;445
1;33;471
1;39;475
1;43;478
1;9;488
1;29;516
1;40;548
1;32;552
1;41;575
1;10;596
1;28;636
1;30;674
1;35;736
1;36;780
1;25;807
1;44;833
1;11;856
1;4;885
1;17;954
1;12;957
1;26;997
2;8;37
2;14;89
2;13;126
2;15;157
2;10;175
2;21;182
2;42;189
2;47;205
2;34;235
2;43;244
2;19;259
2;3;264
2;16;287
2;9;317
2;23;374
2;1;400
2;49;418
2;48;427
2;45;445
2;7;447
2;22;462
2;46;479
2;31;480
2;5;505
2;32;506
2;29;532
2;18;539
2;28;559
2;20;572
2;41;591
2;51;612
2;35;628
2;6;648
2;27;662
2;44;690
2;38;694
2;37;726
2;36;734
2;30;750
2;25;758
2;33;800
2;17;813
2;39;836
2;50;898
2;11;935
2;24;957
2;4;964
2;40;1000
2;12;1005
2;26;1044
3;8;54
3;14;103
3;13;140
3;47;155
3;45;179
3;21;198
3;19;213
3;23;231
3;3;249
3;27;270
3;35;300
3;34;311
3;15;327
3;36;344
3;42;360
3;9;364
3;32;366
3;39;383
3;1;383
3;11;389
3;31;403
3;43;413
3;50;415
3;4;417
3;7;429
3;37;430
3;41;451
3;40;453
3;17;453
3;16;456
3;12;459
3;30;485
3;46;495
3;26;498
3;28;509
3;44;519
3;49;529
3;10;564
3;38;582
3;24;597
3;25;617
3;48;632
3;29;642
3;33;658
3;22;664
3;6;696
3;18;743
3;5;772
3;51;816
3;20;871
4;23;60
4;1;86
4;48;115
4;46;132
4;38;160
4;6;180
4;45;191
4;33;203
4;15;218
4;18;227
4;13;250
4;5;255
4;14;272
4;20;291
4;3;293
4;42;313
4;27;315
4;51;328
4;21;335
4;32;346
4;22;364
4;43;366
4;41;369
4;34;389
4;50;396
4;37;414
4;39;429
4;16;439
4;8;442
4;24;456
4;9;470
4;28;493
4;40;499
4;49;512
4;30;531
4;35;534
4;29;564
4;44;596
4;10;609
4;7;632
4;36;637
4;47;639
4;25;664
4;31;664
4;19;693
4;11;713
4;4;742
4;12;783
4;17;812
4;26;854
5;8;55
5;14;104
5;13;140
5;47;157
5;34;188
5;10;190
5;3;217
5;16;239
5;21;259
5;23;264
5;19;274
5;49;277
5;45;304
5;7;306
5;15;328
5;31;339
5;1;352
5;43;381
5;48;383
5;35;393
5;9;395
5;22;415
5;29;422
5;42;423
5;6;448
5;27;458
5;46;462
5;32;489
5;5;492
5;30;518
5;44;519
5;51;533
5;39;538
5;36;562
5;41;575
5;25;588
5;20;591
5;50;601
5;18;617
5;11;637
5;38;647
5;4;667
5;28;667
5;40;671
5;33;687
5;17;705
5;12;708
5;37;710
5;26;747
5;24;752
6;8;38
6;14;89
6;13;127
6;15;158
6;10;172
6;21;182
6;42;189
6;47;202
6;19;229
6;34;234
6;43;242
6;3;265
6;16;288
6;1;308
6;9;318
6;45;350
6;31;356
6;27;378
6;7;383
6;23;403
6;50;431
6;38;442
6;49;450
6;39;461
6;37;478
6;32;503
6;41;530
6;40;532
6;35;566
6;29;596
6;46;605
6;33;612
6;44;628
6;48;647
6;30;657
6;36;673
6;22;682
6;28;684
6;25;696
6;24;707
6;6;713
6;11;748
6;18;759
6;4;778
6;5;787
6;12;819
6;20;825
6;17;844
6;26;858
6;51;863
7;45;55
7;15;78
7;14;105
7;43;133
7;27;144
7;23;170
7;24;192
7;37;210
7;50;225
7;13;235
7;39;259
7;1;260
7;3;278
7;40;298
7;42;299
7;21;324
7;29;331
7;32;363
7;46;371
7;34;375
7;41;390
7;8;399
7;30;423
7;9;425
7;47;437
7;28;451
7;31;466
7;35;489
7;7;493
7;16;520
7;36;531
7;49;560
7;48;570
7;11;574
7;19;589
7;22;600
7;4;603
7;10;626
7;51;629
7;12;644
7;44;644
7;6;668
7;17;673
7;26;683
7;5;711
7;25;712
7;38;740
7;18;775
7;33;784
7;20;809
8;8;38
8;14;87
8;13;124
8;47;141
8;21;150
8;19;164
8;23;184
8;1;211
8;3;232
8;48;242
8;45;256
8;22;274
8;51;298
8;10;299
8;46;321
8;34;328
8;6;336
8;15;343
8;16;379
8;27;379
8;18;385
8;9;410
8;32;412
8;5;414
8;24;424
8;43;431
8;37;445
8;31;451
8;50;460
8;42;469
8;7;474
8;38;475
8;39;490
8;20;512
8;33;519
8;40;530
8;35;536
8;49;542
8;30;564
8;36;578
8;28;589
8;11;621
8;41;622
8;4;650
8;29;687
8;17;689
8;12;692
8;26;731
8;44;755
8;25;854
9;45;52
9;15;80
9;14;102
9;13;142
9;1;163
9;34;187
9;10;188
9;43;198
9;3;215
9;47;221
9;42;235
9;16;240
9;23;265
9;9;271
9;19;275
9;32;303
9;31;309
9;35;331
9;7;336
9;46;338
9;28;356
9;8;366
9;36;376
9;41;389
9;49;403
9;21;417
9;11;420
9;29;424
9;4;449
9;27;459
9;30;484
9;44;487
9;12;490
9;17;516
9;38;522
9;26;529
9;39;539
9;25;555
9;37;556
9;50;571
9;24;597
9;48;633
9;22;665
9;40;672
9;33;689
9;6;697
9;18;743
9;5;771
9;51;816
9;20;838
10;23;58
10;1;85
10;48;114
10;46;134
10;22;145
10;51;170
10;14;180
10;6;211
10;45;224
10;15;248
10;18;257
10;10;266
10;5;287
10;47;294
10;37;321
10;43;337
10;13;341
10;35;377
10;20;385
10;34;389
10;29;403
10;3;417
10;16;438
10;27;440
10;21;462
10;32;474
10;39;491
10;7;506
10;36;512
10;28;523
10;42;531
10;31;542
10;11;556
10;4;585
10;30;593
10;9;594
10;41;622
10;44;627
10;12;629
10;8;631
10;17;655
10;38;660
10;26;665
10;49;667
10;24;674
10;19;696
10;25;725
10;50;738
10;33;766
10;40;812
11;45;53
11;15;79
11;14;102
11;43;133
11;13;142
11;1;166
11;10;189
11;21;197
11;42;203
11;47;219
11;34;250
11;27;269
11;46;274
11;3;279
11;35;298
11;9;300
11;23;327
11;19;337
11;31;341
11;36;343
11;29;359
11;7;368
11;11;387
11;32;395
11;4;416
11;41;418
11;16;426
11;8;428
11;50;443
11;38;459
11;49;467
11;24;470
11;12;488
11;48;508
11;39;509
11;26;528
11;22;538
11;28;541
11;33;562
11;6;573
11;40;579
11;30;611
11;5;613
11;44;614
11;17;642
11;37;650
11;25;678
11;51;720
11;20;746
11;18;775
12;1;55
12;45;100
12;15;124
12;14;147
12;10;174
12;43;181
12;47;204
12;42;219
12;23;248
12;19;258
12;13;281
12;35;314
12;46;322
12;34;326
12;29;344
12;3;358
12;16;379
12;32;380
12;21;399
12;27;411
12;31;417
12;44;439
12;38;441
12;7;447
12;41;465
12;9;473
12;8;476
12;36;484
12;30;500
12;49;511
12;39;522
12;28;525
12;11;528
12;48;551
12;50;554
12;4;557
12;24;580
12;22;587
12;12;598
12;33;611
12;6;618
12;40;623
12;17;627
12;26;637
12;25;663
12;18;663
12;5;692
12;20;728
12;37;758
12;51;830
13;45;53
13;15;77
13;14;103
13;13;143
13;1;164
13;3;187
13;27;207
13;46;214
13;21;229
13;42;236
13;35;238
13;23;262
13;36;280
13;47;280
13;43;289
13;32;303
13;39;320
13;11;324
13;37;338
13;34;344
13;4;352
13;8;366
13;19;369
13;41;389
13;44;394
13;16;396
13;12;397
13;17;422
13;30;422
13;9;427
13;26;436
13;10;438
13;25;461
13;31;466
13;50;477
13;7;492
13;24;504
13;48;507
13;22;538
13;28;543
13;49;559
13;51;566
13;40;578
13;6;604
13;5;647
13;20;682
13;18;712
13;38;740
13;33;784
13;29;799
14;8;36
14;14;89
14;13;126
14;15;156
14;21;180
14;42;190
14;47;203
14;34;235
14;10;235
14;43;243
14;19;260
14;3;263
14;16;284
14;1;306
14;9;315
14;45;351
14;31;357
14;7;383
14;23;404
14;27;441
14;49;451
14;35;473
14;46;478
14;39;493
14;38;506
14;24;520
14;50;553
14;48;554
14;37;570
14;36;577
14;32;599
14;11;621
14;29;628
14;20;636
14;4;650
14;28;652
14;18;665
14;33;671
14;40;688
14;5;695
14;17;720
14;30;720
14;12;722
14;51;738
14;41;746
14;44;754
14;6;773
14;26;792
14;22;804
14;25;822
15;8;54
15;14;104
15;13;140
15;47;157
15;19;181
15;34;186
15;3;217
15;16;239
15;10;252
15;21;259
15;49;279
15;1;290
15;7;307
15;23;325
15;9;333
15;15;360
15;31;370
15;45;397
15;43;416
15;37;431
15;32;459
15;27;486
15;28;514
15;46;525
15;50;538
15;42;548
15;39;569
15;48;571
15;24;596
15;22;603
15;51;628
15;40;641
15;29;645
15;6;665
15;41;669
15;30;706
15;18;714
15;5;743
15;35;799
15;20;809
15;38;833
15;36;844
15;33;876
15;11;889
15;4;917
15;44;955
15;12;958
15;17;987
15;26;997
15;25;1026
16;23;59
16;1;86
16;48;113
16;45;128
16;22;145
16;15;155
16;51;173
16;14;178
16;10;201
16;6;211
16;43;212
16;47;234
16;29;250
16;5;254
16;27;281
16;20;291
16;13;308
16;18;318
16;39;334
16;42;343
16;38;347
16;34;358
16;35;377
16;3;388
16;33;391
16;50;396
16;16;410
16;8;413
16;36;418
16;40;435
16;9;440
16;11;462
16;32;469
16;46;477
16;31;479
16;4;494
16;41;496
16;7;505
16;30;530
16;44;533
16;12;535
16;21;555
16;28;556
16;17;560
16;49;572
16;26;574
16;25;599
16;19;600
16;37;664
16;24;673
17;23;44
17;1;71
17;48;100
17;8;117
17;22;133
17;51;160
17;6;198
17;13;203
17;14;228
17;5;241
17;46;245
17;3;247
17;37;274
17;34;281
17;15;296
17;10;313
17;21;323
17;42;330
17;47;344
17;38;366
17;7;367
17;43;383
17;9;393
17;19;400
17;45;429
17;18;430
17;31;434
17;20;464
17;33;468
17;16;487
17;32;488
17;27;519
17;49;527
17;29;549
17;39;570
17;24;594
17;50;630
17;41;670
17;40;704
17;30;704
17;28;730
17;35;801
17;36;843
17;11;887
17;4;915
17;12;956
17;44;957
17;17;984
17;26;995
17;25;1024
18;8;37
18;14;87
18;13;126
18;15;157
18;21;181
18;42;186
18;47;202
18;34;232
18;10;236
18;43;243
18;19;259
18;3;263
18;16;285
18;23;308
18;49;325
18;1;338
18;7;352
18;48;367
18;9;379
18;46;383
18;5;412
18;31;419
18;45;442
18;18;447
18;37;477
18;27;504
18;6;524
18;32;536
18;22;555
18;39;555
18;50;584
18;51;610
18;41;621
18;20;636
18;24;642
18;38;661
18;28;684
18;40;717
18;30;720
18;35;723
18;29;750
18;44;786
18;33;798
18;36;828
18;11;872
18;4;900
18;17;938
18;12;941
18;26;980
18;25;1103
19;8;55
19;14;104
19;13;141
19;15;172
19;10;190
19;21;197
19;42;204
19;47;220
19;34;250
19;43;260
19;19;273
19;3;277
19;16;298
19;1;322
19;9;333
19;23;357
19;31;371
19;45;398
19;7;400
19;38;427
19;46;432
19;32;458
19;49;464
19;33;471
19;29;486
19;28;511
19;41;544
19;30;578
19;35;581
19;27;615
19;44;643
19;37;650
19;39;663
19;36;686
19;25;710
19;24;753
19;48;757
19;17;768
19;22;787
19;50;789
19;51;815
19;11;823
19;6;855
19;4;855
19;40;890
19;12;896
19;5;899
19;20;932
19;26;935
19;18;960
20;8;38
20;14;87
20;13;123
20;47;139
20;45;162
20;21;182
20;27;191
20;23;216
20;3;231
20;39;242
20;34;266
20;48;273
20;35;285
20;22;304
20;1;304
20;16;316
20;19;321
20;36;327
20;51;328
20;15;342
20;9;346
20;6;366
20;11;371
20;42;376
20;31;387
20;24;394
20;4;399
20;18;415
20;49;416
20;46;417
20;44;441
20;12;443
20;20;448
20;17;468
20;5;473
20;32;475
20;26;479
20;43;492
20;29;502
20;7;507
20;25;508
20;28;527
20;41;560
20;30;594
20;50;617
20;40;657
20;38;662
20;33;702
20;37;726
20;10;890
21;45;51
21;15;75
21;14;104
21;13;140
21;1;165
21;10;188
21;21;195
21;43;195
21;47;217
21;42;233
21;34;248
21;29;265
21;46;274
21;3;279
21;16;300
21;32;302
21;23;326
21;19;337
21;49;339
21;9;362
21;27;363
21;35;394
21;7;398
21;39;414
21;31;434
21;24;438
21;37;461
21;50;474
21;8;489
21;36;499
21;41;512
21;11;544
21;30;548
21;4;572
21;28;605
21;17;610
21;12;643
21;25;649
21;48;659
21;38;675
21;44;676
21;26;683
21;22;695
21;40;702
21;33;719
21;6;727
21;18;774
21;5;802
21;51;844
21;20;870
22;23;58
22;1;84
22;48;113
22;37;133
22;8;158
22;38;190
22;22;207
22;15;216
22;33;234
22;6;242
22;13;247
22;43;273
22;5;287
22;34;294
22;20;323
22;3;325
22;16;346
22;51;360
22;14;367
22;9;377
22;45;411
22;18;414
22;31;416
22;42;436
22;7;445
22;10;453
22;47;483
22;21;492
22;46;508
22;32;534
22;30;559
22;35;564
22;49;573
22;28;587
22;36;605
22;41;620
22;44;626
22;11;649
22;27;655
22;4;681
22;29;686
22;17;718
22;12;721
22;24;736
22;26;761
22;39;770
22;19;787
22;50;833
22;25;852
22;40;873
23;8;52
23;14;101
23;13;141
23;10;155
23;34;187
23;3;218
23;47;220
23;16;240
23;23;264
23;9;270
23;19;273
23;45;302
23;31;309
23;15;329
23;7;334
23;1;353
23;43;382
23;21;385
23;35;393
23;29;420
23;42;423
23;32;459
23;49;463
23;46;463
23;27;486
23;28;511
23;44;518
23;41;544
23;36;561
23;30;578
23;25;585
23;37;618
23;17;639
23;39;663
23;11;668
23;4;695
23;24;722
23;48;724
23;12;740
23;50;757
23;38;771
23;26;779
23;6;792
23;40;797
23;33;812
23;5;833
23;18;867
23;20;900
23;51;940
23;22;977
24;1;56
24;45;101
24;15;125
24;14;151
24;43;180
24;35;192
24;23;217
24;36;235
24;10;236
24;8;258
24;11;275
24;29;281
24;42;284
24;4;306
24;13;313
24;47;328
24;38;348
24;44;348
24;34;358
24;17;375
24;12;379
24;32;379
24;46;383
24;3;388
24;33;392
24;16;410
24;27;411
24;25;415
24;21;430
24;30;439
24;31;450
24;41;468
24;7;478
24;50;490
24;9;503
24;37;509
24;39;520
24;24;552
24;19;572
24;49;574
24;26;574
24;48;613
24;40;624
24;22;649
24;51;676
24;28;684
24;6;712
24;18;759
24;5;787
24;20;824
25;45;52
25;15;76
25;14;102
25;13;142
25;1;163
25;3;186
25;42;204
25;35;205
25;21;228
25;29;235
25;23;261
25;44;267
25;47;281
25;38;302
25;43;321
25;32;334
25;34;343
25;27;363
25;46;368
25;16;395
25;19;401
25;36;404
25;48;413
25;9;425
25;8;429
25;25;431
25;22;443
25;50;444
25;31;464
25;51;471
25;7;493
25;24;503
25;6;510
25;39;537
25;11;542
25;5;553
25;49;559
25;4;573
25;30;580
25;41;605
25;40;609
25;12;613
25;20;621
25;28;638
25;18;650
25;26;653
25;33;658
25;37;681
25;17;735
25;10;783
26;8;36
26;14;88
26;13;125
26;10;140
26;34;172
26;3;202
26;47;203
26;16;223
26;1;244
26;9;251
26;19;257
26;23;279
26;31;292
26;45;319
26;7;322
26;15;343
26;42;375
26;32;377
26;49;388
26;21;400
26;29;407
26;46;416
26;41;434
26;28;464
26;43;494
26;35;503
26;27;536
26;30;562
26;44;565
26;37;600
26;36;608
26;25;631
26;24;643
26;38;662
26;17;689
26;48;707
26;39;709
26;22;742
26;11;746
26;33;765
26;4;773
26;6;804
26;50;804
26;12;817
26;40;844
26;18;851
26;26;856
26;5;882
26;51;924
26;20;947
27;8;55
27;14;103
27;13;139
27;47;155
27;45;179
27;21;195
27;19;212
27;23;231
27;3;247
27;35;269
27;29;300
27;34;311
27;15;327
27;44;332
27;42;361
27;16;362
27;32;363
27;1;383
27;9;393
27;43;414
27;31;435
27;36;438
27;7;461
27;11;482
27;41;483
27;49;495
27;46;496
27;17;515
27;27;521
27;4;541
27;24;566
27;48;569
27;37;588
27;50;599
27;12;612
27;38;615
27;25;618
27;39;633
27;18;649
27;26;651
27;33;658
27;40;671
27;6;730
27;28;730
27;10;752
27;22;758
27;30;766
27;51;785
27;20;871
27;5;896
28;23;60
28;1;87
28;48;115
28;46;132
28;38;160
28;6;180
28;45;191
28;33;204
28;15;218
28;18;227
28;13;246
28;20;261
28;14;272
28;3;293
28;51;297
28;42;311
28;29;312
28;22;333
28;21;335
28;27;346
28;43;367
28;32;379
28;5;381
28;34;389
28;39;398
28;37;415
28;24;422
28;16;440
28;8;442
28;50;458
28;9;470
28;28;496
28;40;499
28;31;512
28;47;514
28;35;531
28;30;531
28;7;538
28;41;557
28;44;566
28;49;604
28;36;606
28;10;609
28;25;633
28;19;633
28;11;744
28;4;775
28;12;815
28;17;843
28;26;854
29;13;109
29;14;134
29;3;155
29;47;188
29;21;197
29;10;220
29;34;250
29;45;272
29;15;295
29;16;301
29;19;304
29;42;328
29;9;332
29;32;333
29;30;358
29;31;370
29;1;384
29;28;384
29;7;399
29;41;418
29;8;429
29;35;456
29;49;465
29;23;481
29;36;499
29;43;509
29;27;519
29;25;525
29;29;548
29;46;556
29;39;568
29;11;574
29;38;584
29;50;600
29;4;604
29;24;628
29;48;632
29;17;642
29;12;645
29;22;663
29;44;673
29;26;684
29;33;686
29;6;698
29;40;703
29;5;741
29;51;783
29;37;803
29;20;868
29;18;897
30;8;39
30;14;88
30;13;127
30;15;157
30;10;172
30;21;183
30;42;189
30;47;201
30;43;211
30;34;233
30;19;258
30;9;286
30;23;308
30;31;325
30;1;338
30;7;351
30;48;365
30;16;378
30;45;380
30;22;400
30;6;430
30;27;438
30;49;448
30;46;448
30;3;450
30;32;475
30;18;477
30;50;492
30;37;509
30;24;519
30;38;537
30;39;554
30;5;568
30;33;579
30;40;593
30;20;604
30;41;623
30;51;644
30;30;656
30;29;690
30;28;714
30;35;816
30;36;859
30;25;883
30;44;910
30;17;937
30;11;962
30;4;993
30;12;1034
30;26;1073
31;8;55
31;14;104
31;13;140
31;15;171
31;21;196
31;42;205
31;47;219
31;3;247
31;10;250
31;43;258
31;19;274
31;34;281
31;1;321
31;16;332
31;9;362
31;45;367
31;46;400
31;31;404
31;32;427
31;7;430
31;29;453
31;28;477
31;49;495
31;41;513
31;27;521
31;30;547
31;35;551
31;23;575
31;36;591
31;44;613
31;37;619
31;11;636
31;50;661
31;4;666
31;38;678
31;24;691
31;12;707
31;48;725
31;39;727
31;17;734
31;26;746
31;22;756
31;40;765
31;51;782
31;25;805
31;6;822
31;5;865
31;20;902
31;33;908
31;18;930
32;8;38
32;14;87
32;13;124
32;47;141
32;10;170
32;34;172
32;3;202
32;16;223
32;21;244
32;31;262
32;15;280
32;7;291
32;19;323
32;49;325
32;43;338
32;9;348
32;1;367
32;45;444
32;42;470
32;27;473
32;24;518
32;46;541
32;50;553
32;39;584
32;23;622
32;40;657
32;32;661
32;29;689
32;28;713
32;41;749
32;35;785
32;37;820
32;36;827
32;11;872
32;38;880
32;4;902
32;30;909
32;44;941
32;12;943
32;33;953
32;17;970
32;26;982
32;48;992
32;25;1010
32;22;1024
32;6;1058
32;5;1098
32;20;1138
32;18;1166
32;51;1206
33;45;51
33;15;79
33;14;105
33;13;141
33;1;166
33;3;187
33;10;187
33;43;194
33;47;220
33;21;229
33;42;235
33;23;260
33;19;274
33;46;276
33;34;279
33;32;303
33;9;329
33;29;330
33;28;355
33;31;371
33;41;387
33;27;395
33;7;397
33;35;425
33;16;427
33;38;459
33;49;463
33;36;469
33;30;484
33;39;507
33;11;513
33;37;524
33;4;540
33;8;553
33;33;564
33;50;570
33;12;584
33;25;589
33;24;597
33;26;623
33;48;632
33;17;640
33;44;644
33;22;664
33;40;670
33;6;696
33;18;742
33;5;770
33;51;815
33;20;838
34;23;58
34;38;99
34;13;123
34;33;141
34;14;149
34;3;167
34;8;193
34;21;211
34;37;227
34;15;248
34;47;264
34;42;281
34;10;296
34;34;326
34;48;334
34;43;335
34;22;364
34;1;366
34;9;376
34;19;382
34;51;393
34;31;418
34;6;431
34;7;444
34;16;471
34;20;479
34;18;507
34;49;509
34;5;536
34;45;537
34;46;569
34;27;660
34;35;690
34;29;717
34;50;738
34;39;772
34;36;794
34;32;814
34;25;819
34;40;842
34;30;843
34;11;869
34;24;893
34;4;899
34;41;964
34;17;967
34;12;971
34;28;995
34;44;1033
34;26;1041
35;45;53
35;15;79
35;14;102
35;13;142
35;10;158
35;42;171
35;34;188
35;35;205
35;3;217
35;43;228
35;29;235
35;16;238
35;23;265
35;9;269
35;44;270
35;47;281
35;31;309
35;36;312
35;27;332
35;7;337
35;1;354
35;11;356
35;24;377
35;4;382
35;21;385
35;19;397
35;46;400
35;49;403
35;38;426
35;12;427
35;17;454
35;32;459
35;26;466
35;33;472
35;39;475
35;25;490
35;50;506
35;48;507
35;8;522
35;22;538
35;30;549
35;51;564
35;40;579
35;37;585
35;6;601
35;41;608
35;28;638
35;18;650
35;20;715
35;5;773
36;1;56
36;45;100
36;15;124
36;14;151
36;43;182
36;35;190
36;23;216
36;36;234
36;10;236
36;8;258
36;11;279
36;42;281
36;27;284
36;13;312
36;17;314
36;39;335
36;4;336
36;37;353
36;46;354
36;34;357
36;32;380
36;12;380
36;25;385
36;3;389
36;30;408
36;16;408
36;29;408
36;26;419
36;21;432
36;28;432
36;44;440
36;41;465
36;7;478
36;24;487
36;31;512
36;50;523
36;48;523
36;47;548
36;22;555
36;40;561
36;9;567
36;6;587
36;19;602
36;38;630
36;49;638
36;20;666
36;33;672
36;5;695
36;18;727
36;51;768
37;45;52
37;15;76
37;14;102
37;13;142
37;1;163
37;3;184
37;43;195
37;35;206
37;21;226
37;42;235
37;29;236
37;23;261
37;46;274
37;27;301
37;34;312
37;32;334
37;16;361
37;44;362
37;8;366
37;28;386
37;9;395
37;36;404
37;47;405
37;25;429
37;37;431
37;31;434
37;50;445
37;38;459
37;7;460
37;39;476
37;11;479
37;49;495
37;33;501
37;4;509
37;24;531
37;48;569
37;17;577
37;30;578
37;12;581
37;22;599
37;41;605
37;40;608
37;26;620
37;10;624
37;51;628
37;19;648
37;6;665
37;5;708
37;20;744
37;18;773
38;8;37
38;14;89
38;13;125
38;15;156
38;21;181
38;42;190
38;47;203
38;34;235
38;10;235
38;43;243
38;19;259
38;3;263
38;16;285
38;1;306
38;9;315
38;45;351
38;7;353
38;49;387
38;23;404
38;27;440
38;31;448
38;35;470
38;46;478
38;50;491
38;38;504
38;36;515
38;40;532
38;32;535
38;33;547
38;11;559
38;29;563
38;4;588
38;30;594
38;41;623
38;44;629
38;12;629
38;39;649
38;17;657
38;37;663
38;26;668
38;25;696
38;24;705
38;48;772
38;22;804
38;51;831
38;28;840
38;6;870
38;5;913
38;20;949
38;18;978
39;8;50
39;14;102
39;23;137
39;13;170
39;10;189
39;34;217
39;47;219
39;37;242
39;3;248
39;16;270
39;38;271
39;1;289
39;31;308
39;48;320
39;7;337
39;19;338
39;46;338
39;9;363
39;45;366
39;5;366
39;33;376
39;15;389
39;18;400
39;21;416
39;42;421
39;32;427
39;22;446
39;43;447
39;27;457
39;6;477
39;29;485
39;49;497
39;39;506
39;20;525
39;50;537
39;51;564
39;24;565
39;41;608
39;40;608
39;35;643
39;28;666
39;36;687
39;30;704
39;11;732
39;4;761
39;44;798
39;12;802
39;17;829
39;26;841
39;25;869
40;23;59
40;1;86
40;48;113
40;45;128
40;22;145
40;15;155
40;51;174
40;14;178
40;10;201
40;43;209
40;6;212
40;47;231
40;5;253
40;32;254
40;13;280
40;20;291
40;28;306
40;8;317
40;18;318
40;21;334
40;41;338
40;42;343
40;35;377
40;46;381
40;34;388
40;27;405
40;3;420
40;30;436
40;44;439
40;16;441
40;9;472
40;38;474
40;36;482
40;25;506
40;37;508
40;31;511
40;50;521
40;7;536
40;19;538
40;40;561
40;33;578
40;39;584
40;11;587
40;49;603
40;4;617
40;29;626
40;12;657
40;17;685
40;26;697
40;24;705
41;8;55
41;14;104
41;13;140
41;15;171
41;3;185
41;10;188
41;42;205
41;47;218
41;21;227
41;1;258
41;19;274
41;45;303
41;43;321
41;34;344
41;27;361
41;23;388
41;7;398
41;24;410
41;16;425
41;38;426
41;50;446
41;9;455
41;46;462
41;39;477
41;31;498
41;29;516
41;49;527
41;33;531
41;40;548
41;32;552
41;35;582
41;28;605
41;36;624
41;41;638
41;11;668
41;30;672
41;4;697
41;44;738
41;12;738
41;17;766
41;26;777
41;48;788
41;37;804
41;25;805
41;5;835
41;18;868
41;51;907
41;22;944
41;6;976
41;20;1027
42;8;38
42;14;87
42;13;126
42;15;157
42;21;181
42;42;187
42;47;203
42;43;212
42;34;232
42;10;236
42;19;256
42;3;263
42;16;285
42;1;307
42;9;315
42;45;348
42;7;352
42;49;388
42;23;405
42;32;443
42;31;448
42;35;470
42;46;478
42;28;497
42;36;515
42;41;529
42;11;559
42;29;563
42;30;563
42;4;589
42;27;597
42;17;626
42;12;629
42;38;630
42;24;642
42;37;664
42;26;668
42;50;677
42;33;704
42;39;708
42;40;748
42;48;773
42;44;785
42;22;805
42;25;821
42;6;836
42;18;884
42;5;913
42;51;955
42;20;1011
43;8;52
43;14;104
43;13;141
43;47;158
43;34;187
43;10;190
43;3;218
43;16;240
43;23;264
43;9;270
43;19;273
43;45;304
43;31;309
43;15;328
43;7;338
43;1;354
43;48;382
43;43;383
43;21;386
43;27;395
43;49;402
43;46;402
43;22;415
43;42;423
43;35;425
43;6;447
43;29;455
43;39;476
43;38;491
43;50;507
43;37;525
43;36;530
43;40;547
43;32;549
43;11;573
43;41;574
43;33;596
43;24;597
43;4;603
43;28;636
43;44;643
43;12;647
43;30;674
43;17;674
43;5;677
43;26;686
43;25;710
43;18;712
43;20;746
43;51;784
44;23;58
44;1;85
44;48;115
44;8;132
44;22;146
44;51;175
44;14;181
44;6;213
44;13;217
44;47;233
44;21;244
44;38;253
44;5;255
44;37;287
44;19;290
44;34;297
44;15;310
44;3;325
44;10;328
44;16;346
44;18;352
44;33;359
44;9;377
44;20;385
44;43;399
44;31;420
44;42;439
44;7;444
44;45;475
44;49;512
44;32;534
44;27;567
44;46;572
44;29;593
44;24;613
44;50;648
44;39;680
44;35;723
44;28;746
44;40;751
44;41;778
44;44;784
44;30;812
44;36;827
44;11;871
44;4;900
44;25;945
44;17;968
44;12;972
44;26;1042
45;45;51
45;15;74
45;14;104
45;43;133
45;13;140
45;1;165
45;10;189
45;21;197
45;46;212
45;42;233
45;32;238
45;34;248
45;29;266
45;3;279
45;30;297
45;16;300
45;35;300
45;41;325
45;7;337
45;36;343
45;28;356
45;9;362
45;8;364
45;11;387
45;27;393
45;49;403
45;4;416
45;23;420
45;24;438
45;12;457
45;37;460
45;31;464
45;17;485
45;26;496
45;39;508
45;38;520
45;25;524
45;50;536
45;47;564
45;48;569
45;22;600
45;40;607
45;19;618
45;51;627
45;33;657
45;6;664
45;44;676
45;18;712
45;5;740
45;20;773
46;23;57
46;1;84
46;48;115
46;46;134
46;22;148
46;8;162
46;6;180
46;14;211
46;20;226
46;15;248
46;47;264
46;51;266
46;42;279
46;10;297
46;5;317
46;43;335
46;38;347
46;19;383
46;13;404
46;18;411
46;37;444
46;34;451
46;45;473
46;21;493
46;33;515
46;9;533
46;32;534
46;27;564
46;7;570
46;29;593
46;31;604
46;39;614
46;50;645
46;16;659
46;40;685
46;30;687
46;49;696
46;28;712
46;3;731
46;41;744
46;35;781
46;44;813
46;36;856
46;25;883
46;24;891
46;11;930
46;4;959
46;12;1004
46;17;1031
46;26;1042
47;45;53
47;15;79
47;14;101
47;10;125
47;43;135
47;47;157
47;42;173
47;23;201
47;13;235
47;1;260
47;19;273
47;3;277
47;27;301
47;46;305
47;34;312
47;32;334
47;21;352
47;29;362
47;31;372
47;28;386
47;7;397
47;24;410
47;9;427
47;8;431
47;39;445
47;16;458
47;37;462
47;50;476
47;38;491
47;49;496
47;40;516
47;33;534
47;48;600
47;30;609
47;22;631
47;35;643
47;51;659
47;41;668
47;36;686
47;6;694
47;25;711
47;44;737
47;18;743
47;11;761
47;5;773
47;4;790
47;20;807
47;17;827
47;12;862
47;26;932
48;8;40
48;14;89
48;13;125
48;47;141
48;34;170
48;10;173
48;19;197
48;3;201
48;16;222
48;21;243
48;23;248
48;49;263
48;45;288
48;37;320
48;27;346
48;7;352
48;15;375
48;9;378
48;50;396
48;1;399
48;31;417
48;48;429
48;43;430
48;39;430
48;24;455
48;22;462
48;42;468
48;51;487
48;40;499
48;29;504
48;46;510
48;35;535
48;5;537
48;32;567
48;18;569
48;20;605
48;30;626
48;36;641
48;6;650
48;41;654
48;28;681
48;11;685
48;4;714
48;12;754
48;44;754
48;38;756
48;17;782
48;26;793
48;33;799
48;25;821
49;45;52
49;15;76
49;14;102
49;43;134
49;32;146
49;23;167
49;28;198
49;8;210
49;41;233
49;42;234
49;47;249
49;29;267
49;13;298
49;19;307
49;1;320
49;30;329
49;3;342
49;35;360
49;46;366
49;21;385
49;27;394
49;37;431
49;36;436
49;34;437
49;44;455
49;11;479
49;16;488
49;38;490
49;24;503
49;4;508
49;9;519
49;39;537
49;48;539
49;17;548
49;12;552
49;31;559
49;50;568
49;22;571
49;7;587
49;26;591
49;33;596
49;6;603
49;18;648
49;49;651
49;40;671
49;20;684
49;10;689
49;51;721
49;25;744
49;5;772
50;8;36
50;14;88
50;13;125
50;10;139
50;34;172
50;3;202
50;47;203
50;31;231
50;23;247
50;7;256
50;19;257
50;15;281
50;9;285
50;21;304
50;42;313
50;38;319
50;37;353
50;43;369
50;16;380
50;33;393
50;1;399
50;49;417
50;48;427
50;45;444
50;22;459
50;51;487
50;32;502
50;6;525
50;41;528
50;35;564
50;18;570
50;46;573
50;28;589
50;20;605
50;36;608
50;30;623
50;29;627
50;25;631
50;5;632
50;27;660
50;17;686
50;11;714
50;50;741
50;4;743
50;39;772
50;12;815
50;24;831
50;26;854
50;40;906
50;44;971
51;8;51
51;14;103
51;23;137
51;13;171
51;10;189
51;37;210
51;34;217
51;3;247
51;16;268
51;45;272
51;21;290
51;38;301
51;49;310
51;1;320
51;48;351
51;9;362
51;46;369
51;22;385
51;32;394
51;7;398
51;33;407
51;6;415
51;15;422
51;31;433
51;30;454
51;18;462
51;47;470
51;41;482
51;5;490
51;43;508
51;28;512
51;20;527
51;42;549
51;51;564
51;29;578
51;27;614
51;35;644
51;36;688
51;19;712
51;11;732
51;50;758
51;4;760
51;39;789
51;17;797
51;12;801
51;24;817
51;26;840
51;40;861
51;44;926
51;25;961
52;23;60
52;1;86
52;48;116
52;46;134
52;22;148
52;8;161
52;6;180
52;14;210
52;5;223
52;13;250
52;47;264
52;51;266
52;34;295
52;10;297
52;20;323
52;3;325
52;37;351
52;7;351
52;15;374
52;19;380
52;31;385
52;45;412
52;18;415
52;16;440
52;38;442
52;21;458
52;43;460
52;32;473
52;49;481
52;33;485
52;42;498
52;27;501
52;29;531
52;9;533
52;50;551
52;39;586
52;24;610
52;41;653
52;40;685
52;30;687
52;28;715
52;35;816
52;36;857
52;44;875
52;11;900
52;4;932
52;12;972
52;25;977
52;26;1012
52;17;1031
53;8;54
53;14;103
53;13;139
53;10;158
53;34;187
53;3;217
53;47;218
53;31;246
53;23;263
53;19;272
53;7;275
53;9;301
53;45;303
53;15;327
53;16;332
53;1;351
53;49;370
53;48;380
53;21;382
53;43;384
53;35;392
53;22;415
53;42;422
53;29;423
53;6;444
53;27;456
53;32;489
53;18;491
53;46;495
53;39;506
53;5;522
53;50;537
53;20;557
53;36;561
53;40;578
53;30;579
53;51;596
53;28;604
53;11;605
53;4;633
53;41;636
53;24;659
53;12;677
53;37;681
53;17;705
53;38;709
53;26;713
53;44;737
53;33;749
53;25;772
54;8;39
54;14;88
54;13;127
54;10;142
54;34;170
54;3;200
54;47;204
54;16;221
54;23;249
54;9;255
54;19;258
54;45;286
54;31;295
54;15;314
54;7;320
54;1;338
54;43;366
54;21;369
54;35;378
54;49;387
54;29;406
54;42;408
54;32;444
54;46;446
54;27;473
54;30;500
54;24;520
54;38;536
54;36;547
54;28;558
54;33;579
54;39;586
54;11;591
54;37;601
54;4;619
54;50;648
54;40;689
54;12;691
54;48;709
54;44;722
54;26;731
54;22;740
54;17;750
54;51;770
54;41;778
54;25;789
54;6;805
54;18;852
54;5;880
54;20;918
55;8;52
55;14;104
55;13;140
55;47;154
55;19;181
55;34;186
55;3;217
55;9;237
55;10;251
55;21;259
55;31;277
55;1;290
55;7;305
55;15;328
55;23;357
55;16;362
55;43;383
55;37;399
55;49;403
55;45;460
55;48;507
55;42;515
55;32;521
55;22;538
55;29;547
55;51;565
55;28;575
55;46;587
55;6;603
55;41;607
55;30;641
55;35;644
55;18;650
55;27;675
55;5;677
55;44;707
55;20;714
55;38;740
55;36;748
55;25;774
55;33;783
55;39;789
55;11;823
55;50;849
55;4;855
55;40;889
55;12;895
55;24;908
55;17;922
55;26;934
56;23;59
56;1;86
56;48;114
56;8;132
56;22;149
56;14;181
56;6;183
56;15;217
56;5;226
56;10;237
56;42;251
56;37;260
56;38;288
56;43;306
56;18;321
56;33;331
56;13;343
56;45;382
56;51;394
56;21;402
56;47;421
56;20;450
56;34;454
56;35;470
56;3;480
56;29;502
56;16;504
56;27;535
56;9;536
56;46;542
56;32;568
56;31;575
56;39;584
56;7;603
56;41;621
56;36;640
56;28;652
56;44;659
56;49;667
56;11;684
56;30;689
56;4;712
56;19;729
56;12;756
56;25;760
56;24;769
56;26;795
56;50;804
56;17;814
56;40;844
57;45;51
57;15;75
57;14;101
57;10;124
57;43;135
57;47;156
57;42;173
57;13;204
57;19;211
57;23;232
57;1;259
57;3;278
57;48;287
57;32;303
57;46;305
57;34;311
57;29;328
57;5;336
57;21;352
57;28;355
57;18;367
57;31;372
57;41;387
57;7;397
57;51;410
57;35;424
57;9;426
57;22;443
57;27;454
57;16;458
57;6;477
57;30;483
57;44;488
57;8;490
57;49;496
57;38;521
57;36;531
57;37;554
57;25;555
57;50;569
57;11;607
57;33;626
57;39;632
57;4;634
57;20;651
57;40;673
57;17;702
57;12;706
57;26;777
57;24;785
58;23;58
58;1;85
58;48;112
58;45;130
58;22;148
58;15;154
58;51;172
58;14;180
58;6;211
58;43;212
58;13;217
58;47;234
58;42;249
58;37;257
58;34;264
58;29;280
58;3;293
58;27;313
58;16;314
58;5;316
58;46;320
58;21;336
58;35;346
58;20;353
58;31;355
58;50;366
58;8;381
58;18;382
58;36;388
58;40;403
58;38;411
58;7;414
58;11;431
58;9;438
58;33;454
58;39;460
58;4;462
58;32;502
58;12;503
58;49;512
58;17;530
58;19;539
58;26;542
58;30;561
58;25;570
58;41;590
58;44;597
58;28;620
58;24;703
58;10;734
59;45;53
59;15;79
59;14;102
59;13;142
59;47;156
59;42;172
59;34;188
59;10;189
59;43;195
59;3;217
59;16;239
59;27;239
59;23;264
59;9;269
59;19;275
59;1;291
59;31;309
59;24;315
59;38;335
59;7;337
59;46;338
59;50;349
59;48;380
59;39;381
59;21;386
59;37;400
59;49;402
59;29;423
59;33;441
59;6;445
59;40;453
59;32;459
59;35;486
59;5;491
59;41;514
59;8;522
59;18;526
59;36;530
59;28;541
59;44;549
59;51;565
59;11;575
59;30;580
59;4;602
59;22;603
59;17;642
59;12;646
59;20;653
59;26;685
59;25;775
60;1;55
60;45;100
60;15;124
60;14;151
60;43;180
60;35;190
60;23;216
60;36;234
60;13;249
60;25;257
60;10;268
60;42;282
60;44;284
60;37;288
60;34;295
60;17;314
60;32;315
60;46;323
60;3;327
60;41;340
60;16;345
60;27;347
60;21;369
60;11;372
60;30;374
60;29;377
60;49;387
60;4;400
60;28;402
60;7;413
60;50;428
60;38;442
60;9;442
60;24;456
60;12;471
60;31;481
60;33;485
60;39;491
60;26;510
60;47;516
60;40;532
60;8;539
60;19;570
60;48;615
60;22;646
60;51;675
60;6;711
60;18;757
60;5;788
60;20;823
61;45;52
61;15;76
61;14;102
61;10;126
61;43;134
61;47;156
61;42;173
61;1;194
61;19;211
61;13;235
61;23;261
61;3;278
61;32;299
61;46;306
61;21;321
61;29;328
61;30;359
61;34;374
61;41;387
61;8;397
61;28;417
61;16;425
61;9;455
61;35;456
61;27;489
61;31;497
61;7;523
61;37;524
61;24;535
61;36;561
61;38;583
61;49;590
61;39;601
61;11;604
61;48;631
61;4;635
61;33;657
61;50;663
61;22;664
61;12;675
61;51;688
61;40;701
61;17;704
61;26;715
61;6;727
61;44;738
61;18;774
61;5;801
61;25;804
61;20;838
62;23;58
62;1;85
62;48;115
62;46;133
62;22;146
62;8;160
62;6;181
62;14;212
62;5;224
62;15;248
62;18;258
62;13;280
62;20;287
62;10;297
62;43;303
62;37;320
62;34;326
62;42;341
62;38;348
62;3;356
62;9;376
62;33;392
62;21;399
62;16;439
62;45;443
62;7;475
62;51;484
62;32;503
62;31;508
62;29;530
62;49;540
62;28;557
62;41;590
62;47;605
62;30;624
62;35;627
62;27;658
62;44;687
62;19;695
62;36;731
62;39;772
62;11;776
62;24;797
62;4;806
62;50;834
62;12;847
62;40;873
62;26;886
62;25;910
62;17;935
63;8;50
63;14;102
63;23;137
63;10;158
63;48;193
63;37;212
63;13;233
63;5;238
63;1;257
63;18;272
63;34;279
63;15;295
63;51;315
63;21;321
63;42;329
63;47;343
63;22;352
63;9;363
63;19;369
63;46;370
63;6;383
63;45;396
63;7;400
63;20;433
63;31;434
63;43;445
63;27;457
63;16;488
63;32;490
63;50;506
63;38;521
63;49;527
63;39;538
63;3;561
63;33;564
63;29;576
63;41;606
63;40;610
63;28;636
63;24;659
63;35;736
63;30;736
63;36;781
63;11;825
63;4;852
63;44;893
63;12;896
63;17;922
63;26;932
63;25;959
64;23;59
64;1;86
64;48;114
64;46;132
64;22;145
64;8;160
64;51;174
64;6;211
64;13;214
64;14;240
64;5;253
64;3;261
64;10;264
64;18;288
64;21;305
64;38;316
64;45;348
64;20;353
64;33;360
64;15;374
64;42;406
64;27;409
64;34;419
64;32;442
64;43;461
64;29;466
64;16;473
64;50;490
64;9;503
64;39;521
64;31;542
64;28;556
64;40;559
64;7;568
64;24;580
64;47;608
64;37;632
64;49;635
64;41;651
64;30;685
64;35;720
64;36;763
64;19;787
64;11;806
64;4;836
64;44;877
64;17;906
64;12;908
64;26;948
64;25;1037
65;8;55
65;14;103
65;13;140
65;47;157
65;34;188
65;10;188
65;19;212
65;3;217
65;16;237
65;23;263
65;9;268
65;45;303
65;7;306
65;15;328
65;49;341
65;1;352
65;43;382
65;48;382
65;21;385
65;22;415
65;42;422
65;27;425
65;51;439
65;32;458
65;46;462
65;31;467
65;35;488
65;5;490
65;50;508
65;18;523
65;24;534
65;38;554
65;6;570
65;33;593
65;40;609
65;37;619
65;29;641
65;30;641
65;39;664
65;20;683
65;41;700
65;44;708
65;28;727
65;36;749
65;11;793
65;4;824
65;12;864
65;17;890
65;26;903
65;25;931
66;8;38
66;14;87
66;13;126
66;15;157
66;21;179
66;42;187
66;47;201
66;19;228
66;3;229
66;43;242
66;34;266
66;10;298
66;16;316
66;23;342
66;9;347
66;45;380
66;7;384
66;38;410
66;49;417
66;1;429
66;48;458
66;35;470
66;46;479
66;22;493
66;29;501
66;31;511
66;33;517
66;6;524
66;32;536
66;27;565
66;18;568
66;41;592
66;44;596
66;5;600
66;30;626
66;36;640
66;51;642
66;37;663
66;11;685
66;39;708
66;4;712
66;20;731
66;50;740
66;12;755
66;25;759
66;24;768
66;26;794
66;28;806
66;17;812
66;40;844
67;8;52
67;14;104
67;13;141
67;10;156
67;34;187
67;47;187
67;19;212
67;3;215
67;16;240
67;1;260
67;9;270
67;23;295
67;31;309
67;7;335
67;45;336
67;15;359
67;21;384
67;42;392
67;32;397
67;49;403
67;29;422
67;46;430
67;28;448
67;41;481
67;27;489
67;43;509
67;35;519
67;24;535
67;36;561
67;48;570
67;30;578
67;25;586
67;22;600
67;39;601
67;51;625
67;17;642
67;37;649
67;44;675
67;38;677
67;11;698
67;18;710
67;33;721
67;50;726
67;4;729
67;20;745
67;40;765
67;5;773
67;12;800
67;6;822
67;26;871
68;23;58
68;1;86
68;48;116
68;8;132
68;22;149
68;14;181
68;6;183
68;13;217
68;18;227
68;47;235
68;38;257
68;46;259
68;34;266
68;5;289
68;19;290
68;3;294
68;7;320
68;51;329
68;10;329
68;16;346
68;37;353
68;21;369
68;45;412
68;49;419
68;33;421
68;15;435
68;20;448
68;31;451
68;42;469
68;27;470
68;43;494
68;9;502
68;32;505
68;29;532
68;28;558
68;39;586
68;50;617
68;24;642
68;41;684
68;40;718
68;30;719
68;35;753
68;36;796
68;11;840
68;4;870
68;12;910
68;44;910
68;17;939
68;26;950
68;25;977
69;45;51
69;15;78
69;14;101
69;13;141
69;47;154
69;42;172
69;19;177
69;34;185
69;43;195
69;29;204
69;3;217
69;35;235
69;16;238
69;23;263
69;9;268
69;36;281
69;1;287
69;7;305
69;48;317
69;11;325
69;32;332
69;46;334
69;31;339
69;4;351
69;27;363
69;5;364
69;49;370
69;21;385
69;44;392
69;12;395
69;18;399
69;28;418
69;17;421
69;26;434
69;51;439
69;50;445
69;37;460
69;25;462
69;39;477
69;38;488
69;6;508
69;41;513
69;8;521
69;24;533
69;22;539
69;33;564
69;20;589
69;10;594
69;40;610
69;30;610
70;23;57
70;1;84
70;48;113
70;46;131
70;13;153
70;5;160
70;14;179
70;18;195
70;3;201
70;8;224
70;51;235
70;21;241
70;47;264
70;22;270
70;34;294
70;10;297
70;6;305
70;15;341
70;16;343
70;20;351
70;9;377
70;19;382
70;43;397
70;37;413
70;31;416
70;42;437
70;38;441
70;7;445
70;45;473
70;33;484
70;49;510
70;27;533
70;32;563
70;50;583
70;39;614
70;24;639
70;35;690
70;41;712
70;40;716
70;30;747
70;44;751
70;28;774
70;36;793
70;25;818
70;29;844
70;17;874
70;11;899
70;4;929
70;12;1001
70;26;1040
71;45;53
71;15;79
71;14;101
71;10;124
71;43;135
71;47;156
71;29;171
71;42;174
71;23;201
71;19;210
71;13;235
71;1;260
71;3;278
71;32;300
71;46;306
71;34;312
71;27;333
71;21;353
71;35;362
71;50;382
71;7;397
71;48;413
71;39;413
71;9;427
71;8;431
71;22;444
71;28;448
71;31;466
71;36;467
71;51;472
71;40;484
71;30;484
71;6;507
71;11;512
71;41;512
71;16;518
71;24;534
71;4;541
71;38;553
71;12;582
71;44;582
71;5;585
71;49;590
71;17;611
71;20;620
71;26;621
71;25;648
71;18;649
71;33;659
71;37;681
72;8;40
72;14;85
72;15;125
72;45;163
72;43;180
72;47;205
72;42;219
72;10;236
72;19;259
72;23;279
72;1;306
72;48;336
72;46;354
72;22;367
72;35;378
72;51;393
72;29;407
72;6;431
72;13;437
72;44;440
72;32;473
72;18;478
72;34;483
72;27;504
72;5;505
72;3;515
72;9;534
72;38;536
72;36;547
72;21;557
72;28;559
72;33;579
72;11;591
72;16;598
72;37;601
72;24;613
72;4;621
72;31;636
72;39;650
72;17;656
72;12;661
72;7;665
72;20;668
72;50;680
72;26;701
72;41;717
72;40;720
72;49;730
72;30;752
72;25;818
73;45;52
73;15;76
73;14;102
73;43;133
73;35;144
73;23;168
73;36;185
73;10;189
73;8;210
73;11;229
73;42;235
73;29;236
73;1;257
73;4;259
73;48;288
73;44;300
73;12;303
73;22;321
73;17;328
73;32;334
73;26;339
73;6;353
73;13;361
73;25;366
73;41;386
73;5;396
73;46;401
73;34;406
73;28;416
73;27;426
73;3;437
73;51;440
73;30;452
73;31;465
73;24;473
73;7;493
73;20;494
73;50;505
73;9;519
73;38;521
73;39;537
73;21;540
73;37;555
73;40;608
73;16;614
73;33;627
73;18;650
73;49;652
73;47;655
73;19;712
74;8;36
74;14;88
74;13;125
74;10;140
74;34;172
74;3;200
74;47;203
74;16;224
74;23;247
74;9;254
74;45;288
74;31;294
74;15;312
74;7;319
74;19;322
74;1;337
74;21;368
74;43;368
74;27;379
74;49;387
74;42;407
74;35;409
74;29;436
74;50;459
74;38;475
74;46;477
74;24;487
74;37;509
74;36;514
74;32;534
74;11;558
74;33;577
74;39;585
74;4;588
74;48;616
74;40;624
74;22;646
74;41;652
74;17;654
74;12;659
74;51;675
74;30;687
74;44;691
74;26;699
74;6;713
74;28;745
74;25;757
74;20;760
74;18;789
74;5;819
75;8;51
75;14;103
75;23;137
75;13;171
75;48;195
75;45;209
75;22;226
75;21;229
75;10;251
75;51;252
75;38;270
75;34;280
75;6;290
75;35;300
75;3;310
75;33;313
75;29;329
75;9;331
75;18;336
75;27;360
75;5;367
75;7;367
75;1;383
75;16;394
75;20;402
75;36;406
75;15;421
75;31;434
75;39;446
75;11;451
75;42;454
75;50;473
75;43;476
75;4;480
75;37;493
75;49;495
75;17;515
75;12;520
75;32;551
75;46;557
75;26;560
75;40;579
75;47;595
75;44;611
75;41;638
75;28;668
75;25;681
75;24;690
75;19;711
75;30;767
76;23;60
76;1;86
76;48;114
76;45;128
76;22;148
76;15;156
76;14;178
76;6;180
76;43;210
76;13;218
76;5;223
76;42;249
76;35;252
76;34;264
76;51;267
76;27;282
76;3;294
76;16;315
76;32;316
76;20;324
76;21;335
76;29;344
76;18;352
76;31;354
76;39;364
76;7;382
76;28;402
76;49;416
76;36;419
76;47;419
76;9;440
76;8;442
76;25;446
76;24;456
76;37;477
76;11;494
76;38;504
76;46;510
76;4;523
76;30;532
76;44;533
76;12;567
76;33;579
76;17;593
76;26;606
76;50;613
76;40;654
76;19;664
76;41;685
76;10;703
77;8;54
77;14;103
77;13;140
77;10;158
77;34;187
77;3;215
77;47;217
77;16;239
77;23;263
77;9;269
77;19;275
77;45;303
77;31;309
77;15;327
77;7;337
77;1;351
77;48;381
77;43;383
77;21;384
77;35;391
77;49;403
77;22;412
77;42;423
77;29;424
77;51;440
77;32;459
77;6;475
77;27;487
77;46;492
77;44;519
77;37;525
77;30;546
77;36;561
77;28;572
77;25;585
77;20;587
77;24;594
77;38;616
77;39;631
77;17;641
77;5;647
77;33;655
77;50;662
77;41;699
77;11;699
77;4;728
77;18;741
77;40;765
77;12;800
77;26;870
78;8;39
78;14;88
78;13;127
78;10;142
78;34;170
78;45;193
78;21;213
78;47;235
78;9;255
78;1;276
78;7;288
78;19;289
78;23;311
78;31;326
78;15;345
78;42;374
78;35;377
78;16;378
78;43;401
78;27;410
78;3;419
78;49;420
78;32;443
78;46;447
78;24;456
78;38;474
78;36;484
78;28;496
78;33;517
78;39;523
78;11;529
78;50;554
78;4;557
78;37;570
78;41;591
78;40;595
78;17;595
78;12;598
78;30;626
78;26;637
78;44;660
78;29;719
78;25;727
78;48;805
78;22;835
78;51;860
78;6;899
78;18;945
78;5;976
78;20;1011
79;23;44
79;1;72
79;48;100
79;45;116
79;22;133
79;15;140
79;6;165
79;14;166
79;13;203
79;5;208
79;47;220
79;42;234
79;38;239
79;34;249
79;43;257
79;27;270
79;20;277
79;3;279
79;33;283
79;35;299
79;16;300
79;18;305
79;24;316
79;21;323
79;37;337
79;31;339
79;36;342
79;32;364
79;7;368
79;25;368
79;39;383
79;9;393
79;46;397
79;11;417
79;8;427
79;49;432
79;51;439
79;4;445
79;28;450
79;44;457
79;41;482
79;12;489
79;17;517
79;26;528
79;50;570
79;40;608
79;10;626
79;30;642
79;29;704
79;19;774
80;23;59
80;1;86
80;48;116
80;8;133
80;22;147
80;51;175
80;14;181
80;6;214
80;13;218
80;47;233
80;21;244
80;5;256
80;46;261
80;38;288
80;34;297
80;45;319
80;18;323
80;33;331
80;15;343
80;16;345
80;20;354
80;19;354
80;42;376
80;32;377
80;9;379
80;41;402
80;31;419
80;43;431
80;27;440
80;7;447
80;28;464
80;24;487
80;37;510
80;49;512
80;3;515
80;50;523
80;39;554
80;35;598
80;40;625
80;30;627
80;44;659
80;10;674
80;36;702
80;25;726
80;29;752
80;17;781
80;11;840
80;4;869
80;12;941
80;26;980
81;45;51
81;15;75
81;14;105
81;13;141
81;10;156
81;42;174
81;34;186
81;32;206
81;3;216
81;43;229
81;35;236
81;30;236
81;9;239
81;23;263
81;31;279
81;36;281
81;1;291
81;41;293
81;7;304
81;47;312
81;11;322
81;28;323
81;8;334
81;4;354
81;16;362
81;27;363
81;46;368
81;21;384
81;29;390
81;17;391
81;12;395
81;39;414
81;38;427
81;26;433
81;49;434
81;44;456
81;37;460
81;19;492
81;33;532
81;50;538
81;25;555
81;24;566
81;48;570
81;22;601
81;51;629
81;40;641
81;6;665
81;18;710
81;5;741
81;20;777
82;23;57
82;1;85
82;48;113
82;46;133
82;22;148
82;8;163
82;51;172
82;37;195
82;38;223
82;13;248
82;20;260
82;33;266
82;15;279
82;18;288
82;21;306
82;5;316
82;3;357
82;43;366
82;6;368
82;34;388
82;42;404
82;16;440
82;45;443
82;9;470
82;14;493
82;7;507
82;35;533
82;49;540
82;29;562
82;27;593
82;31;604
82;32;628
82;50;647
82;39;679
82;10;702
82;30;717
82;24;737
82;36;763
82;47;765
82;28;773
82;44;784
82;41;805
82;11;806
82;4;838
82;40;872
82;12;879
82;19;881
82;17;906
82;26;918
82;25;945
83;45;53
83;15;79
83;14;102
83;43;133
83;13;142
83;1;166
83;3;187
83;10;189
83;8;210
83;21;227
83;42;235
83;27;236
83;23;264
83;50;288
83;37;303
83;39;320
83;46;339
83;34;344
83;24;347
83;38;366
83;40;391
83;16;396
83;33;406
83;9;425
83;32;427
83;29;455
83;31;465
83;28;479
83;7;494
83;41;511
83;30;547
83;49;558
83;47;561
83;19;587
83;35;613
83;36;655
83;48;662
83;44;674
83;22;696
83;11;699
83;6;726
83;4;728
83;12;769
83;18;775
83;25;776
83;5;803
83;26;808
83;17;828
83;20;841
83;51;878
84;1;55
84;45;100
84;15;124
84;14;151
84;43;181
84;35;189
84;10;202
84;42;220
84;36;234
84;13;249
84;25;257
84;23;278
84;44;284
84;3;293
84;11;309
84;27;316
84;46;321
84;34;326
84;4;338
84;32;350
84;39;366
84;21;369
84;12;379
84;48;398
84;17;406
84;16;412
84;8;414
84;26;418
84;22;428
84;50;428
84;7;444
84;24;456
84;51;456
84;31;482
84;47;483
84;6;493
84;29;499
84;49;512
84;28;526
84;40;532
84;9;535
84;18;539
84;30;564
84;5;569
84;38;599
84;41;621
84;20;666
84;37;694
84;19;760
84;33;798
85;45;52
85;15;76
85;14;102
85;13;141
85;1;163
85;3;185
85;43;195
85;35;205
85;21;228
85;42;233
85;29;234
85;23;264
85;44;269
85;27;300
85;32;333
85;46;337
85;34;342
85;37;367
85;50;378
85;9;392
85;38;396
85;36;404
85;41;419
85;40;420
85;7;429
85;33;439
85;11;447
85;16;456
85;39;476
85;4;479
85;49;497
85;48;507
85;30;514
85;12;520
85;25;523
85;22;538
85;28;542
85;31;558
85;51;564
85;17;579
85;47;594
85;6;602
85;26;621
85;10;625
85;8;647
85;19;648
85;20;651
85;18;679
85;5;710
85;24;718
86;8;37
86;14;89
86;13;125
86;47;139
86;34;172
86;10;173
86;3;198
86;9;222
86;45;226
86;21;243
86;19;259
86;31;262
86;1;275
86;7;290
86;23;310
86;16;317
86;15;344
86;49;355
86;42;376
86;27;380
86;35;410
86;39;428
86;43;430
86;36;452
86;32;473
86;11;496
86;29;501
86;46;510
86;4;525
86;30;531
86;44;533
86;41;561
86;12;568
86;28;591
86;17;596
86;26;607
86;24;611
86;25;634
86;37;635
86;50;646
86;40;687
86;38;694
86;48;741
86;22;774
86;33;796
86;6;807
86;5;849
86;51;893
86;18;946
86;20;981
87;8;54
87;14;102
87;13;139
87;10;158
87;34;185
87;3;215
87;47;217
87;9;238
87;23;262
87;19;275
87;31;278
87;1;288
87;7;306
87;48;319
87;16;333
87;45;334
87;22;349
87;21;352
87;27;363
87;51;378
87;35;391
87;46;398
87;6;414
87;15;420
87;49;433
87;36;437
87;32;455
87;25;460
87;18;463
87;39;475
87;5;491
87;50;506
87;43;509
87;17;515
87;37;522
87;41;543
87;11;544
87;24;565
87;4;572
87;20;589
87;28;604
87;40;610
87;30;641
87;12;644
87;42;673
87;44;673
87;38;708
87;26;714
87;33;751
87;29;768
88;23;59
88;1;86
88;48;112
88;45;128
88;22;147
88;15;155
88;51;171
88;14;178
88;46;195
88;29;218
88;38;222
88;27;252
88;20;259
88;33;266
88;18;288
88;39;303
88;13;311
88;5;318
88;24;327
88;8;348
88;50;365
88;6;367
88;43;368
88;3;386
88;10;389
88;42;404
88;34;420
88;47;420
88;40;435
88;37;444
88;21;461
88;35;470
88;16;501
88;32;501
88;30;532
88;44;533
88;7;537
88;31;571
88;36;575
88;41;589
88;9;597
88;11;618
88;28;619
88;4;650
88;19;662
88;49;668
88;12;690
88;25;694
88;26;729
88;17;749
89;8;55
89;14;103
89;13;140
89;47;157
89;34;188
89;10;189
89;19;211
89;3;217
89;9;237
89;23;263
89;31;277
89;45;303
89;7;306
89;15;328
89;1;352
89;16;363
89;43;383
89;35;394
89;49;401
89;21;414
89;42;422
89;29;423
89;27;454
89;46;463
89;32;489
89;50;508
89;37;525
89;39;540
89;38;552
89;41;576
89;44;579
89;28;606
89;40;609
89;30;640
89;36;686
89;48;724
89;11;731
89;33;749
89;22;758
89;4;758
89;24;782
89;6;788
89;12;802
89;17;830
89;18;837
89;26;841
89;5;864
89;25;865
89;51;908
89;20;961
90;8;38
90;14;87
90;13;126
90;15;154
90;3;171
90;10;173
90;42;188
90;47;201
90;21;211
90;1;241
90;19;259
90;34;266
90;45;286
90;43;305
90;16;317
90;23;342
90;9;347
90;35;379
90;31;386
90;29;404
90;46;414
90;7;415
90;44;441
90;32;443
90;49;449
90;27;470
90;41;495
90;24;518
90;36;546
90;48;553
90;22;584
90;39;585
90;11;591
90;51;612
90;50;615
90;4;618
90;6;649
90;28;650
90;30;688
90;40;688
90;12;690
90;18;697
90;5;724
90;26;729
90;17;749
90;38;756
90;37;788
90;25;819
90;33;860
90;20;884
91;23;45
91;1;72
91;48;101
91;45;117
91;22;132
91;15;141
91;51;160
91;14;167
91;6;197
91;43;198
91;13;202
91;27;205
91;10;218
91;38;239
91;5;242
91;34;249
91;24;254
91;20;276
91;33;283
91;50;288
91;21;291
91;42;299
91;37;305
91;39;320
91;16;332
91;46;340
91;40;358
91;35;365
91;7;366
91;18;367
91;32;394
91;31;403
91;29;422
91;49;435
91;28;449
91;9;454
91;44;455
91;41;481
91;8;490
91;30;517
91;3;528
91;36;530
91;47;531
91;11;573
91;19;588
91;4;604
91;12;645
91;25;649
91;26;684
91;17;704
92;23;58
92;1;86
92;48;115
92;8;129
92;22;148
92;45;162
92;51;174
92;13;189
92;14;212
92;6;213
92;21;245
92;35;253
92;5;258
92;29;281
92;20;292
92;34;297
92;27;315
92;18;321
92;3;326
92;32;348
92;31;357
92;24;361
92;37;384
92;50;398
92;9;408
92;38;411
92;39;430
92;16;441
92;33;456
92;7;477
92;36;483
92;41;497
92;40;499
92;46;510
92;28;524
92;11;528
92;49;542
92;4;555
92;15;562
92;30;562
92;42;593
92;44;596
92;12;598
92;10;610
92;43;617
92;17;626
92;26;638
92;25;665
92;47;672
92;19;726
93;8;52
93;14;101
93;15;141
93;45;176
93;47;216
93;43;227
93;10;251
93;42;266
93;23;295
93;13;328
93;19;336
93;1;349
93;34;373
93;48;382
93;29;391
93;46;401
93;3;405
93;22;412
93;35;425
93;31;433
93;51;440
93;27;457
93;7;462
93;6;477
93;9;487
93;32;489
93;16;520
93;38;522
93;36;531
93;21;539
93;41;545
93;49;558
93;20;559
93;11;575
93;5;583
93;39;599
93;17;608
93;18;618
93;50;631
93;4;634
93;28;665
93;40;669
93;33;688
93;24;690
93;12;708
93;25;712
93;30;734
93;26;744
93;44;769
93;37;803
94;23;57
94;1;84
94;48;112
94;45;129
94;22;147
94;15;154
94;51;173
94;14;180
94;43;211
94;6;211
94;35;218
94;10;232
94;38;252
94;44;253
94;5;255
94;13;278
94;20;290
94;36;294
94;33;297
94;29;313
94;18;317
94;25;318
94;46;322
94;34;326
94;32;348
94;3;354
94;11;368
94;42;375
94;16;376
94;27;378
94;21;398
94;4;399
94;41;401
94;24;420
94;17;436
94;7;445
94;50;457
94;12;470
94;31;479
94;39;489
94;37;507
94;26;510
94;28;525
94;9;534
94;8;537
94;40;559
94;30;562
94;47;576
94;49;604
94;19;695
95;45;53
95;15;79
95;13;106
95;1;135
95;23;170
95;14;195
95;34;219
95;48;225
95;29;234
95;42;234
95;3;248
95;43;257
95;22;258
95;27;268
95;9;270
95;51;282
95;21;291
95;35;300
95;46;306
95;50;320
95;16;331
95;38;333
95;36;342
95;40;358
95;7;366
95;18;368
95;33;374
95;11;386
95;32;394
95;20;401
95;31;403
95;4;414
95;30;421
95;44;424
95;5;429
95;49;435
95;47;437
95;28;449
95;12;457
95;39;473
95;6;476
95;17;485
95;8;490
95;19;491
95;26;497
95;25;524
95;24;534
95;37;556
95;41;606
95;10;720
96;8;37
96;14;89
96;13;125
96;47;142
96;34;170
96;10;173
96;3;202
96;31;230
96;23;248
96;19;259
96;7;259
96;9;284
96;45;288
96;21;305
96;37;320
96;32;349
96;15;375
96;16;379
96;1;399
96;28;404
96;49;417
96;43;430
96;41;436
96;27;444
96;42;469
96;30;469
96;50;490
96;38;507
96;46;511
96;39;521
96;48;554
96;40;563
96;33;579
96;22;584
96;35;598
96;51;612
96;36;641
96;6;650
96;29;658
96;11;685
96;18;697
96;24;706
96;17;721
96;5;724
96;4;744
96;44;754
96;20;762
96;12;787
96;26;826
96;25;885
97;8;54
97;14;103
97;13;142
97;15;170
97;3;184
97;10;190
97;42;204
97;47;218
97;21;228
97;1;257
97;19;275
97;23;293
97;46;306
97;38;332
97;45;365
97;33;377
97;43;384
97;27;394
97;35;423
97;34;437
97;29;455
97;32;486
97;16;490
97;41;511
97;9;519
97;44;520
97;30;548
97;31;559
97;36;560
97;28;573
97;25;586
97;7;587
97;50;599
97;39;632
97;48;633
97;17;640
97;49;652
97;22;665
97;11;667
97;51;687
97;24;691
97;4;697
97;6;728
97;40;736
97;12;769
97;18;775
97;5;804
97;20;838
97;26;839
97;37;900
98;8;36
98;14;88
98;13;124
98;10;140
98;34;172
98;3;200
98;47;203
98;16;222
98;23;247
98;9;254
98;45;288
98;31;294
98;15;312
98;7;319
98;19;322
98;42;345
98;32;347
98;1;368
98;30;377
98;49;388
98;21;400
98;43;400
98;27;410
98;35;439
98;28;464
98;46;478
98;36;483
98;41;496
98;44;502
98;39;523
98;11;527
98;38;536
98;24;551
98;4;558
98;37;572
98;50;584
98;12;597
98;17;625
98;26;637
98;48;647
98;29;655
98;25;664
98;22;680
98;40;686
98;33;706
98;6;713
98;5;753
98;51;797
98;18;851
98;20;886
99;8;55
99;14;103
99;13;139
99;47;157
99;34;186
99;10;189
99;19;211
99;3;217
99;16;238
99;23;262
99;7;273
99;15;296
99;9;299
99;21;320
99;42;328
99;37;335
99;49;339
99;31;342
99;43;352
99;45;397
99;48;445
99;22;475
99;35;488
99;51;502
99;1;508
99;36;531
99;6;540
99;32;551
99;46;554
99;11;576
99;27;580
99;18;587
99;4;603
99;41;607
99;5;614
99;50;633
99;12;646
99;25;650
99;20;652
99;39;665
99;38;679
99;26;685
99;24;690
99;17;705
99;33;720
99;40;734
99;28;762
99;44;769
99;30;797
99;29;954
